{
  "1807.05933": 50,
  "1908.04929": 143,
  "1910.02527": 528,
  "2002.06289": 271,
  "2004.03967": 328,
  "2101.06894": 364,
  "2103.05558": 81,
  "2103.14898": 254,
  "2108.01176": 95,
  "2201.13360": 324,
  "2202.12197": 75,
  "2203.11937": 62,
  "2205.08325": 11,
  "2206.04585": 3,
  "2207.05006": 116,
  "2209.06111": 16,
  "2209.07896": 44,
  "2210.06240": 21,
  "2212.11770": 68,
  "2303.11048": 40,
  "2303.14408": 66,
  "2304.13487": 44,
  "2304.14880": 33,
  "2305.02743": 57,
  "2305.07154": 122,
  "2307.06135": 455,
  "2308.06719": 6,
  "2309.04077": 119,
  "2309.06635": 60,
  "2309.09182": 49,
  "2309.15702": 32,
  "2309.15940": 46,
  "2309.16650": 504,
  "2310.00401": 7,
  "2310.16494": 23,
  "2312.11713": 52,
  "2402.03840": 8,
  "2402.12259": 105,
  "2402.15487": 77,
  "2403.08094": 28,
  "2403.08605": 123,
  "2403.09412": 42,
  "2403.17846": 276,
  "2404.00469": 35,
  "2404.02527": 9,
  "2404.03275": 57,
  "2404.13696": 126,
  "2404.14565": 22,
  "2405.00552": 24,
  "2406.01584": 361,
  "2406.07113": 35,
  "2407.02473": 33,
  "2409.10350": 9,
  "2409.11972": 0,
  "2409.18313": 57,
  "2410.06108": 9,
  "2410.08189": 169,
  "2410.11989": 48,
  "2411.12837": 4,
  "2411.16253": 10,
  "2411.19162": 10,
  "2412.01539": 16,
  "2412.05596": 6,
  "2412.13652": 15,
  "2412.14480": 41,
  "2412.18381": 19,
  "2412.18450": 35,
  "2412.19571": 3,
  "2501.13338": 8,
  "2502.15309": 10,
  "2502.18044": 14,
  "2503.01783": 6,
  "2503.02050": 2,
  "2503.02579": 33,
  "2503.03412": 4,
  "2503.04034": 9,
  "2503.07909": 18,
  "2503.08474": 8,
  "2503.09173": 3,
  "2503.10630": 90,
  "2503.12974": 3,
  "2503.15005": 15,
  "2503.17406": 7,
  "2503.19199": 58,
  "2504.00775": 4,
  "2504.06553": 9,
  "2504.16782": 7,
  "2505.02405": 3,
  "2505.03128": 2,
  "2505.13729": 5,
  "2505.19098": 2,
  "2505.20726": 3,
  "2505.24287": 11,
  "2506.00083": 2,
  "2506.06562": 2,
  "2506.06804": 5,
  "2506.07454": 7,
  "2506.13629": 5,
  "2506.14178": 2,
  "2506.15828": 2,
  "2506.22593": 4,
  "2507.11770": 3,
  "2507.12123": 3,
  "2507.19232": 3,
  "2507.19993": 13,
  "2508.06283": 3,
  "2508.06546": 5,
  "2508.06990": 4,
  "2509.09594": 6,
  "2509.11895": 4,
  "2509.13733": 16,
  "2509.14949": 1,
  "2509.16053": 6,
  "2509.19579": 1,
  "2509.20077": 2,
  "2509.20401": 2,
  "2509.23107": 0,
  "2509.24966": 3,
  "2510.01049": 5,
  "2510.04714": 3,
  "2510.08512": 3,
  "2510.16643": 5,
  "2510.18697": 0,
  "2510.21069": 1,
  "2511.05894": 3,
  "2511.07813": 0,
  "2511.10376": 11,
  "2511.15288": 1,
  "2512.00565": 13,
  "2512.02458": 5,
  "2512.09215": 1,
  "2512.11903": 2,
  "2512.24845": 3,
  "2601.02905": 1,
  "2601.06415": 0,
  "2601.10168": 3,
  "2602.00637": 1,
  "2602.02456": 4,
  "2602.02974": 1,
  "2602.03781": 1,
  "2602.04152": 0,
  "2602.04635": 0,
  "2602.12971": 2,
  "2602.16356": 6,
  "2603.04614": 0,
  "2603.05642": 0,
  "2603.16301": 1,
  "2603.17605": 2,
  "2603.20239": 0,
  "2603.24083": 0,
  "2603.28178": 0,
  "2603.28732": 2,
  "2603.29236": 1,
  "2604.03696": 3,
  "2605.00121": 2,
  "2605.10484": 1,
  "2605.13741": 1,
  "2605.15753": 0,
  "2605.17661": 0,
  "2605.18184": 0,
  "2605.21788": 0,
  "2605.25371": 2,
  "2605.29879": 0,
  "2606.01313": 2,
  "2606.03787": 0,
  "2606.05975": 1,
  "2606.07529": 0,
  "2606.08277": 0,
  "2606.08655": 0,
  "2606.11880": 0,
  "2606.19383": 1,
  "2606.27412": 0,
  "2606.29782": 0,
  "2606.29786": 0,
  "2606.31471": 0,
  "2607.00529": 0,
  "2607.00889": 0,
  "2607.05348": 0,
  "2607.07170": 0,
  "2607.10879": 0,
  "3d scene graphs in robotics: a unified representation bridging geometry, semantics, and action": 0,
  "3d spatial multimodal knowledge accumulation for scene graph prediction in point cloud": 15,
  "a survey on 3d scene graphs: definition, generation and application": 9,
  "clip-driven open-vocabulary 3d scene graph generation via cross-modality contrastive learning": 18,
  "egosg: learning 3d scene graphs from egocentric rgb-d sequences": 8,
  "elevnav: large language model-guided robot navigation via 3d scene graphs in elevator environments": 0,
  "fast path planning with hierarchical approach based on 3d scene graphs": 0,
  "heterogeneous graph learning for scene graph prediction in 3d point clouds": 3,
  "hierarchical 3d scene graphs construction outdoors": 0,
  "history-enhanced 3d scene graph reasoning from rgb-d sequences": 28,
  "holistic or domain modeling: a semantic scene graph approach": 15,
  "hydra++: real-time hierarchical 3d scene graph construction with object-level shape estimation": 0,
  "hyperrectangle embedding for debiased 3d scene graph prediction from rgb sequences": 42,
  "incremental3d: real-time incremental 3d scene generation with scene graphs": 0,
  "interaction-driven updates: 3d scene graph maintenance during robot task execution": 0,
  "knowledge-inspired 3d scene graph prediction in point cloud": 16,
  "latent 3d scene graph with aligned visual-language perception for object-goal navigation": 0,
  "multi-view invariance learning for 3d scene graph pre-training via collaborative cross-modal regularization": 0,
  "open-scene understanding-oriented 3d scene graph generation": 0,
  "parking-sg: open-vocabulary hierarchical 3d scene graph representation for open parking environments": 0,
  "selm: from efficient autonomous exploration to long-term monitoring in semantic level": 0,
  "sgsg: stroke-guided scene graph generation": 0,
  "spotlight: robotic scene understanding through interaction and affordance detection": 1,
  "towards long-term retrieval-based visual localization in indoor environments with changes": 14,
  "viewinfer3d: 3d visual grounding based on embodied viewpoint inference": 5
}
